taxonID,taxonKey,scientificName,action,acceptedKey,acceptedName
alien_species_cyprus:taxon:776cf676f1e5e919a9480a89e8da61d9,323327896,"Globodera rostochiensis (Wollenweber, 1923)",scientificName_replaced_by_backbone_name,5188667,"Globodera rostochiensis (Wollenweber, 1923) Skarbilovich, 1959"
alien_species_cyprus:taxon:141b284aae5b3b867a1b0115ddbfdd05,323327905,"Erwinia amylovora (Burrill, 1882) Winslow et al., 1920 emend. Hauben et al., 1998 emend. Hauben & al. , 1998",scientificName_replaced_by_backbone_name,3222012,"Erwinia amylovora (Burrill, 1882) Winslow et al., 1920"
alien_species_cyprus:taxon:6606100eed3bfe8ea452cd17bb680fb7,323327915,"Xanthomonas axonopodis Starr & Garces, 1950 emend. Vauterin et al., 1995 emend. Vauterin & al. , 1995",scientificName_replaced_by_backbone_name,8900922,"Xanthomonas axonopodis Starr & Garces, 1950"
alien_species_cyprus:taxon:12039dfbb0c16becb3aa8c84168fa1a8,323327923,"Globodera pallida (Stone, 1973)",scientificName_replaced_by_backbone_name,5188665,"Globodera pallida Stone, 1973"
alien_species_cyprus:taxon:adb18462984196958770503f1d7f7fff,323327926,"Rhizobium radiobacter (Beijerinck & van Delden, 1902) Young et al., 2001",merged_with_accepted,3220735,"Agrobacterium radiobacter (Beijerinck & van Delden, 1902) Conn, 1942"
alien_species_cyprus:taxon:c5c104a2fb49854b5a7c35164d7091f7,323327929,"Meloidogyne javanica (Treub, 1885)",scientificName_replaced_by_backbone_name,4556287,"Meloidogyne javanica (Treub, 1885) Chitwood, 1949"
alien_species_cyprus:taxon:fc5f315e6f17136a83673dabe2ae8a0e,323327931,"Meloidogyne incognita (Kofoid & White, 1919)",scientificName_replaced_by_backbone_name,4556282,"Meloidogyne incognita (Kofoid & White, 1919) Chitwood, 1949"
alien_species_cyprus:taxon:971c08ec0164d8d3aadd55ee136c157b,323327933,"Meloidogyne arenaria Neal, 1889",not_matched_with_backbone,,
alien_species_cyprus:taxon:93ae2c07cea1a2dfcd19573565d2f547,323327943,"Clavibacter michiganensis michiganensis (Smith, 1910) Davis et al., 1984",not_matched_with_backbone,,
alien_species_cyprus:taxon:24c41271e9c18dec1914324a4ef65b17,323327944,Ditylenchus destructor Thorne 1945,scientificName_replaced_by_backbone_name,4555875,"Ditylenchus destructor Thorne, 1945"
alien_species_cyprus:taxon:58aacf9e88cf506b375986e280ac47af,323327946,"Ditylenchus dipsaci (Kuhn, 1857)",scientificName_replaced_by_backbone_name,2283953,"Ditylenchus dipsaci (Kühn, 1857) Filipjev, 1936"
alien_species_cyprus:taxon:8960c53d630262f43bbee05536f177ee,323327962,Xiphinema brevicolle Lordello & Da Costa 1961,scientificName_replaced_by_backbone_name,4554475,"Xiphinema brevicolle Lordello & Da Costa, 1961"
alien_species_cyprus:taxon:f84d89138461e52e4866cdd77102690c,323327965,Xiphinema italiae Meyl 1953,scientificName_replaced_by_backbone_name,4554459,"Xiphinema italiae Meyl, 1953"
alien_species_cyprus:taxon:20cf7bbf5c718016410f4ca422cb5b09,323327976,"Aricidea (Aricidea) fragilis Webster, 1879",scientificName_replaced_by_backbone_name,2318506,"Aricidea fragilis Webster, 1879"
alien_species_cyprus:taxon:8bc75fed1157a2d4b46bc8aadd8af83a,323327984,"Stypopodium schimperi (Kützing) M.Verlaque & Boudouresque, 1991",scientificName_replaced_by_backbone_name,3200580,Stypopodium schimperi (Kützing) Verlaque & Boudouresque
alien_species_cyprus:taxon:6aeda9f8bbe892207c1c2626e76e9bf5,323327985,"Oenone cf. fulgida (Lamarck, 1818)",scientificName_replaced_by_backbone_name,5197940,"Oenone fulgida (Lamarck, 1818)"
alien_species_cyprus:taxon:8345e173c13c41fdec83b22841a35940,323328008,"Lysidice collaris Grube, 1870",scientificName_replaced_by_backbone_name,5198157,"Lysidice collaris Grube, 1868"
alien_species_cyprus:taxon:c3d8c08c500d6ab3b616268fed638809,323328014,Macrophomina phaseolina (Tassi) Goid. 1947,scientificName_replaced_by_backbone_name,2611508,Macrophomina phaseolina (Tassi) Goid.
alien_species_cyprus:taxon:ee25ba1eddf6152f99de81a0b83f0cf2,323328024,Ophiognomonia leptostyla (Fr.) Sogonov 2008,scientificName_replaced_by_backbone_name,5952582,Ophiognomonia leptostyla (Fr.) Sogonov
alien_species_cyprus:taxon:6a8017409b4f5c7879c9a530cd06cc16,323328032,Seiridium cardinale (W.W. Wagener) B. Sutton & I.A.S. Gibson 1972,scientificName_replaced_by_backbone_name,2575053,Seiridium cardinale (W.W.Wagener) B.Sutton & I.A.S.Gibson
alien_species_cyprus:taxon:42d345c58b72a629332492cdd2b28c7c,323328049,"Hydroides elegans (Haswell, 1883) [nomen protectum]",not_matched_with_backbone,,
alien_species_cyprus:taxon:d9e3145196a01afa17e7719f97619245,323328052,Chlorophyllum molybdites (G. Mey.) Massee,scientificName_replaced_by_backbone_name,5243168,Chlorophyllum molybdites (G.Mey.) Massee
alien_species_cyprus:taxon:daedcf9f13725163e1eaf478f20b3c0b,323328062,"Spirorbis (Spirorbis) marioni Caullery & Mesnil, 1897",scientificName_replaced_by_backbone_name,5199417,"Spirorbis marioni Caullery & Mesnil, 1897"
alien_species_cyprus:taxon:3a23bc510f5e47fb354824224f7d5e39,323328064,Phytophthora citrophthora (R.E. Sm. & E.H. Sm.) Leonian 1925,scientificName_replaced_by_backbone_name,3203668,Phytophthora citrophthora (R.E.Sm. & E.H.Sm.) Leonian
alien_species_cyprus:taxon:95caea279d7c7a8847bc902890ae06c5,323328084,"Cladophora cf. patentiramea Kützing, 1849",merged_with_accepted,4375452,Chaetomorpha patentiramea (Mont) Kutz.
alien_species_cyprus:taxon:1b7a148ae18770af0d6d8e6c0f692323,323328099,Caulerpa taxifolia var. distichophylla (M.Vahl) C.Agardh,not_matched_with_backbone,,
alien_species_cyprus:taxon:2cd71dd556f539881c654f28a66c2cc6,323328131,"Nereis agulhana Day, 1963",merged_with_accepted,5196692,"Neanthes agulhana (Day, 1963)"
alien_species_cyprus:taxon:1d8cc1651a383c46731ad332ab4a1c5e,323328135,"Alitta virens (M. Sars, 1835)",scientificName_replaced_by_backbone_name,2315395,"Alitta virens (M.Sars, 1835)"
alien_species_cyprus:taxon:8ac10865c8d0eaa6950d9f634f960e91,323328137,"Ganonema farinosum K.C.Fan & Yung C.Wang, 1974",scientificName_replaced_by_backbone_name,5278659,Ganonema farinosum (J.V.Lamour.) K.C.Fan & Yung C.Wang
alien_species_cyprus:taxon:bea5a6d6b1ac732e25623752760b0538,323328146,"Asparagopsis armata Harvey, 1855",scientificName_replaced_by_backbone_name,5279840,Asparagopsis armata Harv.
alien_species_cyprus:taxon:7110cad2db2873f15eefd3d651a5a472,323328154,"Chondria coerulescens Falkenberg, 1901",scientificName_replaced_by_backbone_name,5279755,Chondria coerulescens (J.Agardh) Falkenb.
alien_species_cyprus:taxon:13fba644d30f31b7cc94db127398763f,323328158,Vertebrata fucoides (Huds.) Kuntze,merged_with_accepted,12194263,Vertebrata spec (Hudson) Kuntze
alien_species_cyprus:taxon:945f6ed52af397e902cf5538fe2cdfa1,323328162,"Acanthophora nayadiformis Papenfuss, 1968",scientificName_replaced_by_backbone_name,5277294,"Acanthophora nayadiformis (Delile) Papenf., 1968"
alien_species_cyprus:taxon:82ce88ef6453a07c940781cfe85c3c8a,323328166,Bryocladia atlantica (Kapraun & J.N.Norris) Díaz-Tapia 2023,not_matched_with_backbone,,
alien_species_cyprus:taxon:0d7fe7f5b984bf836a9858afe8c4bd0a,323328168,"Polysiphonia kampsaxii Børgesen, 1939",scientificName_replaced_by_backbone_name,5277847,"Polysiphonia kampsaxii Borgesen, 1939"
alien_species_cyprus:taxon:6e5bf7abbdb80be5d6ee301d3ef576f0,323328172,"Laurencia minuta Vandermeulen, Garbary & Guiry",not_matched_with_backbone,,
alien_species_cyprus:taxon:75471e51c37ab42cc24ad45548d15e4e,323328180,"Womersleyella setacea R.E.Norris, 1992",scientificName_replaced_by_backbone_name,5277463,Womersleyella setacea (Hollenberg) R.E.Norris
alien_species_cyprus:taxon:71843dc0eb980a999b4e682fde817865,323328242,Carijoa cf. riisei,not_matched_with_backbone,,
alien_species_cyprus:taxon:f7bb4748d6dfc6f62aad9429c20d7f95,323328249,Sequoiadendron giganteum (Lindl.) J.T. Buchholz,scientificName_replaced_by_backbone_name,2684120,Sequoiadendron giganteum (Lindl.) J.T.Buchholz
alien_species_cyprus:taxon:2c47792fca847135062dacef71510955,323328252,"Cassiopea andromeda (Forsskål, 1775)",scientificName_replaced_by_backbone_name,2264603,"Cassiopea andromeda (Forskål, 1775)"
alien_species_cyprus:taxon:b66369f6d1d78bbe0e9e11de31554ed1,323328258,"Rhopilema nomadica Galil, 1990",scientificName_replaced_by_backbone_name,2264597,"Rhopilema nomadica Galil, Spanier & Ferguson, 1990"
alien_species_cyprus:taxon:60cd84f04f5733dbc836faf1aa9b0181,323328262,Sequoia sempervirens (D. Don) Endl.,scientificName_replaced_by_backbone_name,2683909,Sequoia sempervirens (D.Don) Endl.
alien_species_cyprus:taxon:c5021974fdbe7e7833eaa6276205b54d,323328270,Cedrus deodara (Lamb.) G. Don,scientificName_replaced_by_backbone_name,5284698,Cedrus deodara (Lamb.) G.Don
alien_species_cyprus:taxon:8adf2e02c8c38df0c5045c16a28fd6e5,323328272,Cedrus libani A. Rich.,scientificName_replaced_by_backbone_name,5284682,Cedrus libani A.Rich.
alien_species_cyprus:taxon:2919f86e3da72300a0a3f9f2f5ce43e5,323328284,"Phascolosoma (Phascolosoma) scolops (Selenka & de Man, 1883)",merged_with_accepted,2509985,"Phascolosoma carneum Leuckart & Rüppell, 1828"
alien_species_cyprus:taxon:a36853e482c2e4c11ea5055eac7a40aa,323328287,Pinus canariensis C. Sm.,scientificName_replaced_by_backbone_name,5285243,Pinus canariensis C.Sm.
alien_species_cyprus:taxon:2c184f4d66f089077ce9c1495c087cca,323328291,Pinus sabiniana Douglas ex D. Don,scientificName_replaced_by_backbone_name,5285255,Pinus sabiniana Douglas ex D.Don
alien_species_cyprus:taxon:b735889c5ce917057caaf44352167521,323328293,Pinus radiata D. Don,scientificName_replaced_by_backbone_name,5285727,Pinus radiata D.Don
alien_species_cyprus:taxon:49ab8b4f68df605f41b07ade29ac1b22,323328295,Pinus wallichiana A.B. Jacks.,scientificName_replaced_by_backbone_name,5285074,Pinus wallichiana A.B.Jacks.
alien_species_cyprus:taxon:e4ae361c267625634464268d0fe43240,323328323,"Mnemiopsis leidyi A. Agassiz, 1865",scientificName_replaced_by_backbone_name,2501248,"Mnemiopsis leidyi A.Agassiz, 1865"
alien_species_cyprus:taxon:415dfd2982777ecdfc9399a9939cdfcb,323328334,"Sepioteuthis lessoniana Férussac [in Lesson], 1831",scientificName_replaced_by_backbone_name,2290412,"Sepioteuthis lessoniana Ferussac, 1831,1830"
alien_species_cyprus:taxon:973bf31eb9308acb2fdf1de5b239d025,323328344,"Malleus regula (Forsskål in Niebuhr, 1775)",scientificName_replaced_by_backbone_name,4374719,"Malleus regula (Forsskål, 1775)"
alien_species_cyprus:taxon:b874237841e59c033865f5950ad9141e,323328348,Dendostrea cf. folium,not_matched_with_backbone,,
alien_species_cyprus:taxon:30c865428628b55b4c194e8feb529201,323328350,Magallana/Crassostrea sp./spp.,scientificName_replaced_by_backbone_name,8418204,"Magallana Salvi & Mariottini, 2016"
alien_species_cyprus:taxon:a56d1883c87ac7245118ef38f8a3ffdd,323328355,Washingtonia filifera (J. A. Linden) H.A. Wendl.,scientificName_replaced_by_backbone_name,8700701,Washingtonia filifera (L.Linden) H.Wendl.
alien_species_cyprus:taxon:34ea3803fcaaaffe27dd5992864ec6d3,323328386,Musculus aff. viridulus,not_matched_with_backbone,,
alien_species_cyprus:taxon:9ba83009e132c7c70c05d8eb916e9821,323328389,"Septifer cumingii Récluz, 1848",scientificName_replaced_by_backbone_name,9450610,"Septifer cumingii Récluz, 1849"
alien_species_cyprus:taxon:15af1e47da2fb8d73b1b53d211a28398,323328417,"Fulvia fragilis (Forsskål in Niebuhr, 1775)",scientificName_replaced_by_backbone_name,5729175,"Fulvia fragilis (Forsskål, 1775)"
alien_species_cyprus:taxon:64bcef2f6a2cef6d9c7b6f9f052527cf,323328430,"Bulla arabica Malaquias & Reid, 2008",scientificName_replaced_by_backbone_name,6520353,"Bulla arabica Malaquias & D.Reid, 2008"
alien_species_cyprus:taxon:841b4549d3ea83435885f0330ec167f1,323328446,"Acteocina mucronata (Philippi, 1849)",scientificName_replaced_by_backbone_name,4359672,"Acteocina mucronata (R.A.Philippi, 1849)"
alien_species_cyprus:taxon:e6abc2b46a5dbdcd0a013e670eef00b4,323328465,Ophrys reinholdii straussii (H.Fleischm.) E.Nelson,scientificName_replaced_by_backbone_name,2792651,Ophrys reinholdii subsp. straussii (H.Fleischm. & Bornm.) E.Nelson
alien_species_cyprus:taxon:cc10c4c0051298bb7b7c71924a1bd221,323328472,Sternbergia lutea (L.) Ker-Gawler ex Spreng.,scientificName_replaced_by_backbone_name,5326791,Sternbergia lutea (L.) Ker Gawl. ex Spreng.
alien_species_cyprus:taxon:597f502ad1269c1c2a80fbc267033d86,323328500,"Tayuva lilacina (Gould, 1852)",scientificName_replaced_by_backbone_name,6519254,"Tayuva lilacina (A.Gould, 1852)"
alien_species_cyprus:taxon:edfcabd7781901f20979721442c384bb,323328511,"Goniobranchus obsoletus (Rüppell & Leuckart, 1831)",scientificName_replaced_by_backbone_name,6519721,"Goniobranchus obsoletus (Rüppell & Leuckart, 1830)"
alien_species_cyprus:taxon:cde4adf1ee497f1825d8a12f9bab71f3,323328515,Iris germanica L.,scientificName_replaced_by_backbone_name,5298069,Iris ×germanica L.
alien_species_cyprus:taxon:49e20efe689a50b797f993f41eaf4069,323328517,Iris florentina Lange,not_matched_with_backbone,,
alien_species_cyprus:taxon:25d982cd510b22049d52aede8dc12dde,323328526,Freesia leichtlinii alba (G.L.Mey.) J.C.Manning & Goldblatt,scientificName_replaced_by_backbone_name,6709118,Freesia leichtlinii subsp. alba (G.L.Mey.) J.C.Manning & Goldblatt
alien_species_cyprus:taxon:9af8c962ff896fe9817ebd0e2c892e5a,323328528,Freesia refracta (Jacq.) Ecklon ex Klatt,scientificName_replaced_by_backbone_name,2747084,Freesia refracta (Jacq.) Klatt
alien_species_cyprus:taxon:bdab1ca33593442fec2e7cdce10bf2de,323328545,"Brachidontes pharaonis (P. Fischer, 1870)",scientificName_replaced_by_backbone_name,4374596,"Brachidontes pharaonis (P.Fischer, 1870)"
alien_species_cyprus:taxon:b9e2c1e26e7f331eb876ca93372c52cf,323328550,"Rhinoclavis kochi (Philippi, 1848)",scientificName_replaced_by_backbone_name,4362907,"Rhinoclavis kochi (R.A.Philippi, 1848)"
alien_species_cyprus:taxon:b64246c8d757d059f4f8238e931f5e56,323328554,"Cerithidium perparvulum (R. B. Watson, 1886)",scientificName_replaced_by_backbone_name,4362829,"Cerithidium perparvulum (R.B.Watson, 1886)"
alien_species_cyprus:taxon:6949e9f03e976314e2d0e28391bc3f31,323328555,Musa × paradisiaca L.,scientificName_replaced_by_backbone_name,2762752,Musa ×paradisiaca L.
alien_species_cyprus:taxon:1345c9240fe3a832c90bb9cd07eb04c2,323328558,"Cerithium scabridum Philippi, 1848",scientificName_replaced_by_backbone_name,4362895,"Cerithium scabridum R.A.Philippi, 1848"
alien_species_cyprus:taxon:1ef5e2ee055c80d4606412ccd4557735,323328569,Cyperus alternifolius subsp. flabelliformis Kük.,not_matched_with_backbone,,
alien_species_cyprus:taxon:8301518badfd73bd0150ad9f6ab2bd56,323328572,"Finella pupoides A. Adams, 1860",scientificName_replaced_by_backbone_name,2301884,"Finella pupoides A.Adams, 1860"
alien_species_cyprus:taxon:7b4d12951117e6fa6df51368ee81517a,323328582,"Leucotina natalensis E. A. Smith, 1910",scientificName_replaced_by_backbone_name,4359131,"Leucotina natalensis E.A.Smith, 1910"
alien_species_cyprus:taxon:80c854b1d78fb0a3622202f64ca3bdfb,323328616,"Purpuradusta gracilis (Gaskoin, 1849)",not_matched_with_backbone,,
alien_species_cyprus:taxon:a9d1f3896b4a1c1efa9ad4eff1c022d0,323328622,"Sticteulima lentiginosa (A. Adams, 1861)",scientificName_replaced_by_backbone_name,4362384,"Sticteulima lentiginosa (A.Adams, 1861)"
alien_species_cyprus:taxon:3054fb94ec7063155219d5c140f12b5d,323328654,Sorghum × drummondii (Nees ex Steud.) Millsp. & Chase,scientificName_replaced_by_backbone_name,2705184,Sorghum ×drummondii (Nees ex Steud.) Millsp. & Chase
alien_species_cyprus:taxon:0be3a3f3a4822a0be8be8dd7e011640a,323328670,Triticum turgidum durum (Desf.) Husn.,scientificName_replaced_by_backbone_name,6313051,Triticum turgidum subsp. durum (Desf.) Husn.
alien_species_cyprus:taxon:80308cf0fbed4d45881fb659fcc41141,323328674,"Polygyra (Polygyra) cereolus (Megerle von Mühlfeld, 1818)",scientificName_replaced_by_backbone_name,2295819,"Polygyra cereolus (Megerle von Mühlfeld, 1818)"
alien_species_cyprus:taxon:23d5304c5e1b82c04943d03b98504ed7,323328684,Echinochloa colona (L.) Link,scientificName_replaced_by_backbone_name,6431411,Echinochloa colonum (L.) Link
alien_species_cyprus:taxon:ab1314a6ac77a075fff0001c0e167859,323328685,"Succinea (Succinea) putris (Linnaeus, 1758)",scientificName_replaced_by_backbone_name,2297206,"Succinea putris (Linnaeus, 1758)"
alien_species_cyprus:taxon:132c8c60c05ddfbd390914b45ea657bd,323328688,Elysia sp. 2,not_matched_with_backbone,,
alien_species_cyprus:taxon:12c8bf8863275a12d0311e62c653eb56,323328689,Hemarthria altissima (Poiret) Stapf & C. E. Hubbard,scientificName_replaced_by_backbone_name,2706322,Hemarthria altissima (Poir.) Stapf & C.E.Hubb.
alien_species_cyprus:taxon:bc9ad9bccdbf33d89c69806c2644dcf2,323328694,"Cycloscala hyalina (G. B. Sowerby II, 1844)",scientificName_replaced_by_backbone_name,4362606,"Cycloscala hyalina (G.B.Sowerby II, 1844)"
alien_species_cyprus:taxon:9ae62b4de95eb639798f671bf889ba77,323328703,Festuca arundinacea Schreb.,merged_with_accepted,2706231,Lolium arundinaceum (Schreb.) Darbysh.
alien_species_cyprus:taxon:c79eb0b6f3d0a9a3581edab1f4a6fbf4,323328712,Urochloa ramosa (L.) T. Q. Nguyen,scientificName_replaced_by_backbone_name,2705875,Urochloa ramosa (L.) T.Q.Nguyen
alien_species_cyprus:taxon:01175b9a44bc8d621df87864b219a605,323328719,"Smaragdia souverbiana (Montrouzier in Souverbie & Montrouzier, 1863)",scientificName_replaced_by_backbone_name,4369932,"Smaragdia souverbiana (Montrouzier, 1863)"
alien_species_cyprus:taxon:a67842afc6682a4af9db722e1af16228,323328728,"Oncorhynchus clarkii Richardson, 1836",scientificName_replaced_by_backbone_name,5711980,"Oncorhynchus clarkii (Richardson, 1836)"
alien_species_cyprus:taxon:12ff224167c6c487ad69cd953ca67d38,323328747,Stenotaphrum secundatum (Walter) O. Kuntze,scientificName_replaced_by_backbone_name,2702870,Stenotaphrum secundatum (Walter) Kuntze
alien_species_cyprus:taxon:33b4c3de575eb1debb7db88cfd864d6f,323328829,Petroselinum crispum crispum (Mill.) Fuss,scientificName_replaced_by_backbone_name,7224069,Petroselinum crispum subsp. crispum
alien_species_cyprus:taxon:851e49b2bc1b8dd981f088dfe6284b13,323328857,"Abudefduf cf. saxatilis/vaigiensis/troschelii Forsskål, 1775",not_matched_with_backbone,,
alien_species_cyprus:taxon:747ac5ba4b5e2afdd87a491c94f8d405,323328945,"Abutilon theophrasti Medik, 1787",scientificName_replaced_by_backbone_name,3152614,Abutilon theophrasti Medik.
alien_species_cyprus:taxon:0d164d745a7437e64a25a940d8774401,323328963,Brachychiton populneus (Schott.&Endl.) R.Br.,scientificName_replaced_by_backbone_name,7323035,Brachychiton populneus (Schott & Endl.) R.Br.
alien_species_cyprus:taxon:6a49297ac806c30325cfc229c11f1b3d,323328986,"Ceiba speciosa (A. St.-Hil., A. Juss. & Cambess.) Ravenna",scientificName_replaced_by_backbone_name,8688929,"Ceiba speciosa (A.St.-Hil., A.Juss. & Cambess.) Ravenna"
alien_species_cyprus:taxon:2d62d4d2ec1d1e386b266c9e4760fabc,323328987,"Himantura uarnak (Gmelin, 1789)",scientificName_replaced_by_backbone_name,5215888,"Himantura uarnak (Forskål, 1775)"
alien_species_cyprus:taxon:cac2690ff85bb06c13e2532c6a565a00,323329029,"Serinus canaria domestica (Linnaeus, 1758)",scientificName_replaced_by_backbone_name,11221569,Serinus canaria domestica
alien_species_cyprus:taxon:f0adce09c36f455451a422e7af613b8f,323329048,"Streptopelia senegalensis (Linnaeus, 1766)",merged_with_accepted,6101223,"Spilopelia senegalensis (Linnaeus, 1766)"
alien_species_cyprus:taxon:b70f60023bfbb02c59a6be170a5fe5c1,323329061,"Oxyura jamaicensis (Gmelin, 1789)",scientificName_replaced_by_backbone_name,2498305,"Oxyura jamaicensis (J.F.Gmelin, 1789)"
alien_species_cyprus:taxon:35efaeeb66111ca5b7bbdfa70ac909eb,323329070,"Cairina moschata (Linnaeus, 1758)",scientificName_replaced_by_backbone_name,2498283,Cairina moschata (Established Feral)
alien_species_cyprus:taxon:e807a8dce4a43813db48c1566c1bd0e6,323329074,"Cygnus olor (Gmelin, 1789)",scientificName_replaced_by_backbone_name,2498343,"Cygnus olor (J.F.Gmelin, 1789)"
alien_species_cyprus:taxon:c35c7bb9d582fe70bc6c5b615773dc97,323329087,"Gallus gallus domesticus (Linnaeus, 1758)",merged_with_accepted,9457155,Gallus gallus f. domesticus
alien_species_cyprus:taxon:54251798d07ab8d70c55d3736987af7e,323329092,Ailanthus altissima (Miller) Swingle,scientificName_replaced_by_backbone_name,3190653,Ailanthus altissima (Mill.) Swingle
alien_species_cyprus:taxon:7c78d3532c3937d45f121ce9671a874d,323329153,Citrus × limon (L.) Burm. fil.,merged_with_accepted,7647136,Citrus ×limon (L.) Osbeck
alien_species_cyprus:taxon:d9a71c96f1e715be838a0ad4c5fd9bf2,323329157,Citrus × aurantium L.,scientificName_replaced_by_backbone_name,8077391,Citrus ×aurantium L.
alien_species_cyprus:taxon:81ff912fd9ac145956c594c8c91a73dd,323329163,Citrus grandis (L.) Osbeck,merged_with_accepted,3190160,Citrus maxima (Burm.) Merr.
alien_species_cyprus:taxon:207093cf5804d9481e10a5cb3e7af311,323329199,Lapsana communis communis L.,scientificName_replaced_by_backbone_name,7223198,Lapsana communis subsp. communis
alien_species_cyprus:taxon:76d30bd73cffad297694df0c6831c6cf,323329204,Heterotheca subaxillaris subaxillaris (Lam.) Britton & Rusby,scientificName_replaced_by_backbone_name,7222727,Heterotheca subaxillaris subsp. subaxillaris
alien_species_cyprus:taxon:3bf0c81050a228b57b8b5a4eb838e451,323329214,Jacobaea maritima maritima (L.) Pelser & Meijden,scientificName_replaced_by_backbone_name,11153937,Jacobaea maritima subsp. maritima
alien_species_cyprus:taxon:ad3b11d2bcc1caafeca0b9feeba57575,323329232,Taraxacum officinale Weber ex Wigg.,scientificName_replaced_by_backbone_name,5394163,Taraxacum officinale Weber ex F.H.Wigg.
alien_species_cyprus:taxon:7ac0083569985270d343060e2853a66b,323329248,"Pseudopodospermum brevicaule (Vahl) Zaika, Sukhor. & N. Kilian",scientificName_replaced_by_backbone_name,10793401,"Pseudopodospermum brevicaule (Vahl) Zaika, Sukhor. & N.Kilian"
alien_species_cyprus:taxon:82a316ba537f0bcebd6f39fe47ecbe50,323329264,Guizotia abyssinica (L. f.) Cass.,scientificName_replaced_by_backbone_name,8584304,Guizotia abyssinica (L.fil.) Cass.
alien_species_cyprus:taxon:7650ddf91a4ae7234f9aba1d9641c940,323329276,Tanacetum cinerariifolium (Trev.) Schultz-Bip.,scientificName_replaced_by_backbone_name,3118284,Tanacetum cinerariifolium (Trevis.) Sch.Bip.
alien_species_cyprus:taxon:16cf0863da999a95b94166635e430bf7,323329279,Tanacetum parthenium (L.) Schultz-Bip.,scientificName_replaced_by_backbone_name,3118430,Tanacetum parthenium (L.) Sch.Bip.
alien_species_cyprus:taxon:1283e7117a8218199cce6a9b1d4b6151,323329291,Xerochrysum bracteatum (Vent.) Tzvel,scientificName_replaced_by_backbone_name,3102871,Xerochrysum bracteatum (Vent.) Tzvelev
alien_species_cyprus:taxon:eb74b481a9acb09166acfa1f3312baba,323329298,Centaurea nigra nigra L.,scientificName_replaced_by_backbone_name,6294301,Centaurea nigra subsp. nigra
alien_species_cyprus:taxon:8d097173641c79f5a918b18befb35d91,323329310,Rhaponticum repens (L.) Hidalgo,merged_with_accepted,10676000,Leuzea repens (L.) D.J.N.Hind
alien_species_cyprus:taxon:bb003479bb89d0a51a63ddced6ec9029,323329313,"Dama mesopotamica Brooke, 1875",merged_with_accepted,5706324,"Dama dama mesopotamica (Brooke, 1875)"
alien_species_cyprus:taxon:54225e32784c43664f0e0e024478b8a2,323329319,Senecio angulatus L. f.,scientificName_replaced_by_backbone_name,4933568,Senecio angulatus L.fil.
alien_species_cyprus:taxon:a150175237a5e6f3059841d6cc7433f6,323329330,"Vulpes vulpes Linnaeus, 1758",scientificName_replaced_by_backbone_name,5219243,"Vulpes vulpes (Linnaeus, 1758)"
alien_species_cyprus:taxon:2b5f89ff399da174ff225e3f47982a20,323329348,Symphyotrichum subulatum squamatum (Spreng.) S. D. Sundberg,not_matched_with_backbone,,
alien_species_cyprus:taxon:b748a10a4bb5a88bd3a8dc3f8cb58d3a,323329385,Physalis philadelphica ixocarpa (Brot. ex Hornem.) Sobr.-Vesp. & Sanz-Elorza,scientificName_replaced_by_backbone_name,5581168,Physalis philadelphica subsp. ixocarpa (Brot. ex Hornem.) Sobr.-Vesp. & Sanz-Elorza
alien_species_cyprus:taxon:de34ade94688e99d8da6fb89ed5c826f,323329406,"Amathia verticillata (Delle Chiaje, 1822)",scientificName_replaced_by_backbone_name,7446481,"Amathia verticillata (delle Chiaje, 1822)"
alien_species_cyprus:taxon:40f51142235072e317be4daf9e06cb43,323329420,Brugmansia sanguinea (Ruiz & Pav.) D. Don,scientificName_replaced_by_backbone_name,5341760,Brugmansia sanguinea (Ruiz & Pav.) D.Don
alien_species_cyprus:taxon:f11dde41812b3ca93cee71eecee059bf,323329436,Solanum angustifolium Houst. ex Miller,scientificName_replaced_by_backbone_name,2929800,Solanum angustifolium Houst. ex Mill.
alien_species_cyprus:taxon:7f6221ee255bf9b1590f89783680d36c,323329450,Nicotiana glauca R.C. Graham,scientificName_replaced_by_backbone_name,2928783,Nicotiana glauca Graham
alien_species_cyprus:taxon:54a54ee926434baf59ebb5468e5755b9,323329474,Eucalyptus gomphocephala DC.,scientificName_replaced_by_backbone_name,3176772,Eucalyptus gomphocephala A.Cunn. ex DC.
alien_species_cyprus:taxon:dc0ab5cc2fec54311ab99aaadce4d529,323329480,Eucalyptus sideroxylon A. Cunn. ex Woolls,scientificName_replaced_by_backbone_name,3177189,Eucalyptus sideroxylon A.Cunn. ex Woolls
alien_species_cyprus:taxon:1ed45faa0b9e282332f7fa3a4d72e720,323329482,Eucalyptus brockwayi C. A. Gardner,scientificName_replaced_by_backbone_name,3176371,Eucalyptus brockwayi C.A.Gardner
alien_species_cyprus:taxon:c9e3d52d2536373721117931ce14dd11,323329484,Eucalyptus melliodora A. Cunn. ex Schauer,scientificName_replaced_by_backbone_name,3176794,Eucalyptus melliodora A.Cunn. ex Schauer
alien_species_cyprus:taxon:57ff94bfd51d7fa2560a0fe189051c62,323329490,Eucalyptus camaldulensis Dehnh.,scientificName_replaced_by_backbone_name,3176197,Eucalyptus camaldulensis Dehn.
alien_species_cyprus:taxon:1f06e561ab051cdb98ed15af9fdef8a0,323329499,Eucalyptus leucoxylon F. Muell.,scientificName_replaced_by_backbone_name,3177019,Eucalyptus leucoxylon F.Muell.
alien_species_cyprus:taxon:45eca4f9126cb166cbfc441e16fc838c,323329508,"Ctenocephalides felis (Bouche, 1835)",scientificName_replaced_by_backbone_name,1419472,"Ctenocephalides felis (Bouché, 1835)"
alien_species_cyprus:taxon:9d99a73069743049e869edd9fc1c2de0,323329510,"Ctenocephalides canis (Curtis, 1826)",scientificName_replaced_by_backbone_name,1419468,"Ctenocephalides canis (Curtis, 1926)"
alien_species_cyprus:taxon:98b799948c5f6efed57bea20e50d89bb,323329521,Oenothera affinis Camb.,scientificName_replaced_by_backbone_name,3188847,Oenothera affinis Cambess.
alien_species_cyprus:taxon:39a9f31497ad14978372b55ac5084c16,323329523,Oenothera glazioviana M.Micheli,scientificName_replaced_by_backbone_name,3188894,Oenothera glazioviana Micheli
alien_species_cyprus:taxon:2e199fa4f0f5a36accdf7c24e05d6930,323329524,"Xenopsylla cheopis cheopis (Rothschild, 1903)",not_matched_with_backbone,,
alien_species_cyprus:taxon:8701759425cbaf18f9fafb0302716a28,323329527,Epilobium angustifolium L.,merged_with_accepted,7322650,Chamaenerion angustifolium subsp. angustifolium
alien_species_cyprus:taxon:1b6d01f3c63ae1b07bb5cc9d235dd00c,323329532,"Thermobia domestica (Packard, 1873)",scientificName_replaced_by_backbone_name,1421105,"Thermobia domestica (Packard, 1837)"
alien_species_cyprus:taxon:3278746857c3f853cc0f65f670a6d07a,323329536,"Ctenolepisma longicaudata (Escherich, 1905)",scientificName_replaced_by_backbone_name,6098843,"Ctenolepisma longicaudatum Escherich, 1905"
alien_species_cyprus:taxon:53247b99117567521a949d8026e735b4,323329552,"Tuta absoluta (Meyrick, 1917)",merged_with_accepted,4528100,"Phthorimaea absoluta Meyrick, 1917"
alien_species_cyprus:taxon:8fd92bb1ed8dd10e5791ff479f00f23b,323329575,Cyclamen creticum Hildebr.,scientificName_replaced_by_backbone_name,7127347,Cyclamen creticum (Dörfl.) Hildebr.
alien_species_cyprus:taxon:5b7b2a5a6a841450c499de96576e90c5,323329576,"Stomphastis conflua (Meyrick, 1941)",scientificName_replaced_by_backbone_name,1749240,"Stomphastis conflua (Meyrick, 1914)"
alien_species_cyprus:taxon:edc13a9885906a9b68f3d2282d2f6f6f,323329580,"Phyllocnistis citrella (Stainton, 1856)",scientificName_replaced_by_backbone_name,1749580,"Phyllocnistis citrella Stainton, 1856"
alien_species_cyprus:taxon:a2d3fc975c5db4fe39d0a464feb69ee4,323329587,Begonia semperflorens-cultorum Hort.,merged_with_accepted,11052595,Begonia cucullata Hort.
alien_species_cyprus:taxon:af08a510e48ef787cd09f22a4f6b81db,323329590,"Dichelia cedricola (Diakonoff , 1974)",merged_with_accepted,10766693,"Syndemis cedricola (Diakonoff, 1974)"
alien_species_cyprus:taxon:f3f1172f7043a801562e045fe960c785,323329596,"Spodoptera frugiperda (J. E. Smith, 1797)",scientificName_replaced_by_backbone_name,5109855,"Spodoptera frugiperda J.E.Smith, 1797"
alien_species_cyprus:taxon:df702a3f4b8619c7d06ad57055af212f,323329614,"Paysandisia archon (Burmeister, 1879)",scientificName_replaced_by_backbone_name,1941864,"Paysandisia archon (Burmeister, 1880)"
alien_species_cyprus:taxon:de1248fef5447f934a8a11fb303b3bdc,323329620,"Choreutis sexfasciella (Sauber, 1902)",scientificName_replaced_by_backbone_name,5123419,"Choreutis sexfasciella Sauber, 1902"
alien_species_cyprus:taxon:73108932c969a46ca5d451c412c5824c,323329623,Cucurbita argyrosperma argyrosperma C.Huber,scientificName_replaced_by_backbone_name,7317678,Cucurbita argyrosperma subsp. argyrosperma
alien_species_cyprus:taxon:bc0469fbffbef0495b30fd767484739a,323329661,Consolida ajacis (L.) Schur,merged_with_accepted,3033833,Delphinium ajacis L.
alien_species_cyprus:taxon:9f76a021a247ec1e55978f8ed98aedf4,323329662,"Aphomia sabella (Hampson, 1901)",merged_with_accepted,1871969,"Arenipses sabella Hampson, 1901"
alien_species_cyprus:taxon:0a9b8bd494e4bf57bf9949fcade57b73,323329678,"Phycita diaphana (Staudinger, 1870)",scientificName_replaced_by_backbone_name,1874959,"Phycita diaphana Staudinger, 1870"
alien_species_cyprus:taxon:ff66229a0af282fc5d6cf7a065c0e8a7,323329708,"Prays citri (Millière, 1873)",scientificName_replaced_by_backbone_name,1830823,"Prays citri Millière, 1873"
alien_species_cyprus:taxon:b555d464dc6c14a8e260c08f7cafaad0,323329722,Aeonium arboreum (L.) Webb & Berth.,scientificName_replaced_by_backbone_name,2985682,Aeonium arboreum (L.) Webb & Berthel.
alien_species_cyprus:taxon:e36dd701a85eecc0fa575bc371df7c1f,323329732,"Ormyrus microcarpae Askew & Koutsoukos, 2023",not_matched_with_backbone,,
alien_species_cyprus:taxon:38d1f04cccd4a58db568123a8a1f897d,323329751,"Eufroggattisca okinavensis Ishii, 1934",scientificName_replaced_by_backbone_name,1358754,"Eufroggattisca okinavensis (Ishii, 1934)"
alien_species_cyprus:taxon:95c244715276133a79ced141373f9908,323329828,"Sceliphron curvatum (F. Smith, 1870)",scientificName_replaced_by_backbone_name,5041422,"Sceliphron curvatum (F.Smith, 1870)"
alien_species_cyprus:taxon:998cc72862dc35b8a1bfa052db6f3b38,323329829,Mentha spicata spicata L.,scientificName_replaced_by_backbone_name,7308335,Mentha spicata subsp. spicata
alien_species_cyprus:taxon:48afc06367cbde1256a9cb734452749b,323329833,Stachys annua L.,scientificName_replaced_by_backbone_name,2927235,Stachys annua (L.) L.
alien_species_cyprus:taxon:f59a504e2acfe022d9b8f17dc4908ef6,323329834,"Nylanderia jaegerskioeldi (Mayr, 1904)",merged_with_accepted,1325547,"Paratrechina jaegerskioeldi (Mayr, 1904)"
alien_species_cyprus:taxon:8e62f0bf75efe816da25b2e7bc1cc185,323329841,"Trichomyrmex destructor (Jerdon, 1851)",merged_with_accepted,1314508,"Monomorium destructor (Jerdon, 1851)"
alien_species_cyprus:taxon:8570bfa6633c735a4fd4ad00a41bba9f,323329851,"Cardiocondyla obscurior Wheeler, W.M., 1929",scientificName_replaced_by_backbone_name,8384845,"Cardiocondyla obscurior Wheeler, 1929"
alien_species_cyprus:taxon:aeb10495b1cc9510d6d636d7a9b54f9e,323329854,Solenopsis sp_CYP139,merged_with_accepted,9452454,"Solenomorpha Cockerell, 1903"
alien_species_cyprus:taxon:9eaacf3f18f84089455da54f4e2f809a,323329876,Antirrhinum majus L,scientificName_replaced_by_backbone_name,3172001,Antirrhinum majus L.
alien_species_cyprus:taxon:5b3e7091f1cda21582754e2ffdbded4a,323329912,Campsis radicans (L.) Seem.,merged_with_accepted,3172549,Campsis radicans (L.) Bureau
alien_species_cyprus:taxon:92ff461b6b6e0475814633549b29caf4,323329914,Campsis grandiflora (Thunb.) K. Schum.,scientificName_replaced_by_backbone_name,4094511,Campsis grandiflora (Thunb.) K.Schum.
alien_species_cyprus:taxon:fba8c52f260194f203ba63a44bceaee1,323329915,"Tamarixia citricola (Hansson & Guerrieri, 2025)",not_matched_with_backbone,,
alien_species_cyprus:taxon:3d3e41983cc49c6835eec74e17c0d9e7,323329919,Jacaranda mimosifolia D. Don,scientificName_replaced_by_backbone_name,3172499,Jacaranda mimosifolia D.Don
alien_species_cyprus:taxon:ebcad1d0c30c420a40fea806b9338944,323329922,"Cirrospilus ingenuus Gahan,1932",scientificName_replaced_by_backbone_name,1381201,"Cirrospilus ingenuus Gahan, 1932"
alien_species_cyprus:taxon:243b16b97bdafce380208d8c6261b126,323329925,Tecoma capensis (Thunb.) Lindl.,merged_with_accepted,3172490,Tecomaria capensis (Thunb.) Spach
alien_species_cyprus:taxon:97d02a6e94160150771aa5e0177990d6,323329926,Tecoma ×smithii Hort.,not_matched_with_backbone,,
alien_species_cyprus:taxon:152d6d58d7593f10ccff8e51b01796aa,323329927,"Closterocerus chamaeleon (Girault, 1922)",merged_with_accepted,5046769,"Chrysonotomyia chamaeleon (Girault, 1922)"
alien_species_cyprus:taxon:e5f7233283ffc2c473dec66d8298adee,323329930,Dolichandra unguis-cati (L.) L. G. Lohmann,scientificName_replaced_by_backbone_name,5830619,Dolichandra unguis-cati (L.) L.G.Lohmann
alien_species_cyprus:taxon:ce8cf9af120bc12ce5fd8b09083c6a5d,323329969,"Psyllaephagus schauffi Japoshvili, 2023",not_matched_with_backbone,,
alien_species_cyprus:taxon:057e03751ff084eeab58be5abcb94cb8,323329973,"Psyllaephagus macrohomotoma Singh and Agarwal, 1993",scientificName_replaced_by_backbone_name,1377049,"Psyllaephagus macrohomotoma Singh & Agarwal, 1993"
alien_species_cyprus:taxon:bd607670791ce90d1f79eaf49e6b5e6c,323329988,Fraxinus angustifolia Vahl.,scientificName_replaced_by_backbone_name,7325877,Fraxinus angustifolia Vahl
alien_species_cyprus:taxon:4ad49fdd64a3bb4a0589371a65c2766c,323329991,Stethynium ophelimi Huber et al. 2006,not_matched_with_backbone,,
alien_species_cyprus:taxon:7242c2d07d4fb904326d367dab89b9d3,323330002,Myoporum tenuifolium G. Forster,scientificName_replaced_by_backbone_name,7335194,Myoporum tenuifolium G.Forst.
alien_species_cyprus:taxon:90d57c8d7c4c69a4dc2e49a909a50303,323330009,"Therophilus unimaculatus (Turner,1918)",scientificName_replaced_by_backbone_name,8105513,Therophilus unimaculatus
alien_species_cyprus:taxon:a30805a2e447c2ff19047e4a26a98e0e,323330015,"Glyptapanteles subandinus (Blanchard, 1947)",merged_with_accepted,1268379,"Apanteles subandinus Blanchard, 1947"
alien_species_cyprus:taxon:fee386769538a2dc30d34c07e4ddaf6d,323330025,"Xylocopa (Koptortosoma) pubescens Spinola, 1838",scientificName_replaced_by_backbone_name,1342075,"Xylocopa pubescens Spinola, 1838"
alien_species_cyprus:taxon:2ca2e5c3c94ed7af802e7548b983aea1,323330031,Asemeia apopetala (Brandegee) J. F. B. Pastore & J. R. Abbott,scientificName_replaced_by_backbone_name,8205751,Asemeia apopetala (Brandegee) J.F.B.Pastore & J.R.Abbott
alien_species_cyprus:taxon:eaee7f779852c82e965d3ff04c07dc7a,323330061,Ononis alopecuroides alopecuroides L.,not_matched_with_backbone,,
alien_species_cyprus:taxon:469d3ba01eba9a083d1b3cad9360bb5e,323330062,Ononis natrix natrix L.,not_matched_with_backbone,,
alien_species_cyprus:taxon:e5cc4c6e8e4fd49d7271977505b29b0b,323330074,"Miomantis paykullii (Stal, 1871)",scientificName_replaced_by_backbone_name,5048540,"Miomantis paykullii Stal, 1871"
alien_species_cyprus:taxon:20c6a3950d01e3fa5ad2490661478fa0,323330112,Lens culinaris Medik.,merged_with_accepted,3973001,Vicia lens (L.) Coss. & Germ.
alien_species_cyprus:taxon:05a2edbc5224f8ec53f35703f8a3a7dc,323330138,"Trichodectes canis (De Geer, 1778)",scientificName_replaced_by_backbone_name,1032748,"Trichodectes canis (de Geer, 1778)"
alien_species_cyprus:taxon:9031d01c6ac9eadc2656e0188096f9d8,323330144,"Eomenacanthus stramineus (Nitzsch, 1818)",merged_with_accepted,1032839,"Menacanthus stramineus (Nitzsch, 1818)"
alien_species_cyprus:taxon:5c16a46d3551fe431fe210eced5065e3,323330181,"Sphenophorus placidus vestitus Chittenden, 1904",not_matched_with_backbone,,
alien_species_cyprus:taxon:6e88a4c2fa815fd94dba871905d33928,323330185,"Coccotrypes dactyliperda (Fabricius, 1801)",scientificName_replaced_by_backbone_name,1230310,"Coccotrypes dactyliperda (J.C.Fabricius, 1802)"
alien_species_cyprus:taxon:75108758d6923175849c2b503fdb5ecd,323330192,"Rhynchophorus ferrugineus (Olivier, 1790)",scientificName_replaced_by_backbone_name,6132234,"Rhynchophorus ferrugineus (A.G.Olivier, 1791)"
alien_species_cyprus:taxon:cb4ef01c457a8a38667a656f65d7ca36,323330193,Medicago sativa varia (Martyn) Arcang.,merged_with_accepted,2965331,Medicago ×varia Martyn
alien_species_cyprus:taxon:3e6a4813274eed0fef5ed7b0774ab8d0,323330196,"Sitophilus granarius (Linnaeus, 1758)",scientificName_replaced_by_backbone_name,1170174,"Sitophilus granarius (C.Linnaeus, 1758)"
alien_species_cyprus:taxon:e79379ea631db3f7fc0c3102efe8e62a,323330197,Pisum sativum sativum L.,not_matched_with_backbone,,
alien_species_cyprus:taxon:31fc6e6ca4161059e82ed5ad365d7290,323330198,"Sitophilus zeamais Motschulsky, 1855",scientificName_replaced_by_backbone_name,4291553,"Sitophilus zeamais Motschulsky & V.de, 1855"
alien_species_cyprus:taxon:d4c55923f27fe66b45b3d81496616aa9,323330200,"Sitophilus sculpturatus (Gyllenhal, 1838)",scientificName_replaced_by_backbone_name,1170207,"Sitophilus sculpturatus Gyllenhal, 1838"
alien_species_cyprus:taxon:772fa051c9f2bc92668b2e2cc292e852,323330202,"Sitophilus oryzae Schoenherr, 1838",not_matched_with_backbone,,
alien_species_cyprus:taxon:212d0b9b803bd40da5b569609ae6b401,323330206,"Sternochetus mangiferae (Fabricius, 1775)",scientificName_replaced_by_backbone_name,4292415,"Sternochetus mangiferae (J.C.Fabricius, 1775)"
alien_species_cyprus:taxon:c899f29f80b0d2680a53713538e12859,323330215,"Alphitophagus bifasciatus (Say, 1823)",scientificName_replaced_by_backbone_name,4455268,"Alphitophagus bifasciatus (Say, 1824)"
alien_species_cyprus:taxon:d2e4bed506beb0d797bf9f928e8f5f31,323330222,Cassia artemisioides DC.,merged_with_accepted,7679480,Senna artemisioides (Gaudich. ex DC.) Randell
alien_species_cyprus:taxon:08c39c689bb20b3199cdd2debc79dfad,323330225,"Latheticus oryzae Waterhouse, 1880",scientificName_replaced_by_backbone_name,1045833,"Latheticus oryzae C.O.Waterhouse, 1880"
alien_species_cyprus:taxon:efa71a01f476cd9732a98b5f85d0339a,323330229,"Lyphia tetraphylla (Fairmaire, 1856)",scientificName_replaced_by_backbone_name,4454311,"Lyphia tetraphylla (Fairmaire, 1857)"
alien_species_cyprus:taxon:c87472bdf4b665e79bd39651281b4a4b,323330233,"Tribolium confusum Jacquelin du Val, 1868",scientificName_replaced_by_backbone_name,7987689,"Tribolium confusum Jaquelin Du Val, 1868"
alien_species_cyprus:taxon:05e2135f06e507c66139910215648b24,323330235,Lathyrus ochrus L.,not_matched_with_backbone,,
alien_species_cyprus:taxon:18a85cfac749ab1b9241b36fa6f66ede,323330258,"Tarsostenus univittatus (Rossi, 1792)",scientificName_replaced_by_backbone_name,1161907,"Tarsostenus univittatus Rossi, 1790"
alien_species_cyprus:taxon:8dcfeb54589993b2748f4befd106b248,323330262,"Necrobia rufipes (De Geer, 1775)",scientificName_replaced_by_backbone_name,1161902,"Necrobia rufipes (Fabricius, 1781)"
alien_species_cyprus:taxon:a916916ae5d50b328901c1e02a9dd2a4,323330263,Faidherbia albida (Delile) A. Cheval.,scientificName_replaced_by_backbone_name,5360150,Faidherbia albida (Delile) A.Chev.
alien_species_cyprus:taxon:86f9b1bdcff3e80d13cb92aabf4038f4,323330270,"Anthicus crinitus La Ferte-Senectere, 1849",scientificName_replaced_by_backbone_name,1046911,"Anthicus crinitus La Ferté-Sénectère, 1849"
alien_species_cyprus:taxon:58fa69af60a88e67788bffd4954c6f25,323330301,Acacia saligna (Labill.) H.L. Wendl.,scientificName_replaced_by_backbone_name,2978552,Acacia saligna (Labill.) H.L.Wendl.
alien_species_cyprus:taxon:6426f45771f4223058819c0d1ffb766f,323330306,"Acanthoscelides obtectus Say, 1831",scientificName_replaced_by_backbone_name,1047525,"Acanthoscelides obtectus (Say, 1831)"
alien_species_cyprus:taxon:9f384c0c585486e50c6949f088b8b160,323330307,Acacia ligulata Bentham,scientificName_replaced_by_backbone_name,2981177,Acacia ligulata A.Cunn. ex Benth.
alien_species_cyprus:taxon:8e126f13f9fd5aa33e0dad4bfb984f1d,323330316,"Pseudopachymerina spinipes (Erichson, 1833)",scientificName_replaced_by_backbone_name,5752246,"Pseudopachymerina spinipes (Erichson, 1834)"
alien_species_cyprus:taxon:b8606ea2ec65d72a3353b83954d4b0f9,323330320,"Bruchus rufimanus Bohemann, 1833",scientificName_replaced_by_backbone_name,5752143,"Bruchus rufimanus Boheman, 1833"
alien_species_cyprus:taxon:be4809a76a74d941cd17004d16f1da44,323330322,"Bruchus pisorum (Linnaeus, 1758)",scientificName_replaced_by_backbone_name,5752155,"Bruchus pisorum Linnaeus, 1758"
alien_species_cyprus:taxon:5dfc249780697acb7fa626a507c6c722,323330343,"Chalcionellus decemstriatus Reichardt, 1932",scientificName_replaced_by_backbone_name,4433030,"Chalcionellus decemstriatus (P.Rossi, 1792)"
alien_species_cyprus:taxon:521a20c202c5bd73d57105da85efcf90,323330347,Matthiola incana (L.) W.T. Aiton,scientificName_replaced_by_backbone_name,5377378,Matthiola incana (L.) W.T.Aiton
alien_species_cyprus:taxon:e725d9ceb2b602aaaf5f30905a83d05f,323330373,"Sinoxylon perforans Schrank, 1789",scientificName_replaced_by_backbone_name,4427572,"Sinoxylon perforans (Schrank, 1789)"
alien_species_cyprus:taxon:211f94170f7e916117cb6866d203e61b,323330390,"Oligota pusillima (Gravenhorst,1806)",scientificName_replaced_by_backbone_name,1040046,"Oligota pusillima (Gravenhorst, 1806)"
alien_species_cyprus:taxon:48a17d19ad3a06fb125d24086e4e8be1,323330400,"Aleochara puberula Klug, 1832",scientificName_replaced_by_backbone_name,1040764,"Aleochara puberula Klug, 1833"
alien_species_cyprus:taxon:985ae0c34245ca66ea8cf940d697df0d,323330406,"Carpelimus bilineatus Stephens, 1834",scientificName_replaced_by_backbone_name,1039693,"Carpelimus bilineatus (Stephens, 1834)"
alien_species_cyprus:taxon:18f483d185436146ebea7d717df09430,323330424,"Gibbium psylloides (Czempinski, 1778)",scientificName_replaced_by_backbone_name,1095750,"Gibbium psylloides (Czenpinski, 1778)"
alien_species_cyprus:taxon:b76ac4850c90db5dd1ce23c54c663c70,323330425,Eriobotrya japonica (Thunb.) Lindl.,merged_with_accepted,10786206,Rhaphiolepis bibas (Lour.) Galasso & Banfi
alien_species_cyprus:taxon:dd12f92c98e33b0377fd5e85b78e0623,323330429,Malus domestica Borkh.,scientificName_replaced_by_backbone_name,3001244,Malus domestica (Suckow) Borkh.
alien_species_cyprus:taxon:4b1f7687c7da9df9fcee50d6a470f7a6,323330440,Rosa × noisettiana Thory,merged_with_accepted,8058607,Rosa canina var. blondaeana (Ripart ex Déségl.) Crép.
alien_species_cyprus:taxon:db1c4ca40e70876cfd34a333b353236a,323330442,Rosa × damascena Mill.,scientificName_replaced_by_backbone_name,7390572,Rosa ×damascena Mill.
alien_species_cyprus:taxon:72648f072823f561133cbeb9d7fa5f49,323330457,"Niptus hololeucus (Falderman, 1836)",scientificName_replaced_by_backbone_name,1095760,"Niptus hololeucus (Faldermann, 1835)"
alien_species_cyprus:taxon:21eb62fe76d84d02c8c14d7252fae5fd,323330472,Prunus persica (L.) Batsch,merged_with_accepted,8149923,Prunus persica (L.) Stokes
alien_species_cyprus:taxon:459d7aefa1a98f11caec52c6fb03070a,323330477,"Lindorus lophanthae (Blaisdell, 1892)",merged_with_accepted,4990175,"Rhyzobius lophanthae (Blaisdell, 1892)"
alien_species_cyprus:taxon:f7e3d1e76c59663cea62e19a2e2166e4,323330478,Pyracantha coccinea M. Roem.,scientificName_replaced_by_backbone_name,2988188,Pyracantha coccinea M.Roem.
alien_species_cyprus:taxon:254e907d4b925ed1bbd8ef966ba70b8c,323330489,Maclura pomifera (Raf. ex Sarg.) C. K. Schneid.,scientificName_replaced_by_backbone_name,2984580,Maclura pomifera (Raf. ex Sarg.) C.K.Schneid.
alien_species_cyprus:taxon:69b939ed4cd2c83d70a959ae9f0d3d00,323330503,Ficus microcarpa L. fil.,scientificName_replaced_by_backbone_name,7467639,Ficus microcarpa L.fil.
alien_species_cyprus:taxon:63f1cb0ddc136c513f41394ec38ff003,323330514,Ficus macrophylla Desf.,scientificName_replaced_by_backbone_name,7460131,"Ficus macrophylla Desf., 1804"
alien_species_cyprus:taxon:93c5aae56fd13cb77b1ab9486ad1ee5d,323330517,Broussonetia papyrifera (L.) Vent.,scientificName_replaced_by_backbone_name,5361944,Broussonetia papyrifera (L.) L'Hér. ex Vent.
alien_species_cyprus:taxon:5d20b198bf71eea1ff957cdcf000f9c9,323330548,Nomius pygmaeus (Dejean 1831),scientificName_replaced_by_backbone_name,1035043,"Nomius pygmaeus (Dejean, 1831)"
alien_species_cyprus:taxon:a1827615a7749b2dae627f97db950168,323330558,Rumex acetosella acetoselloides (Balansa) Nijs.,not_matched_with_backbone,,
alien_species_cyprus:taxon:b12fd764ce2ba94aef0fd9ee284c9f35,323330562,"Attagenus unicolor Brahm, 1791",scientificName_replaced_by_backbone_name,1095958,"Attagenus unicolor (Brahm, 1790)"
alien_species_cyprus:taxon:a8fed39c49f021a699a34cc535a9dd93,323330563,Persicaria maculosa S.F.Gray,scientificName_replaced_by_backbone_name,6391194,Persicaria maculosa Gray
alien_species_cyprus:taxon:c4672c1041db1755ff21d5fe90500aee,323330565,Persicaria lapathifolia lanigera (R.Br.) Chantar. & Tubtimtong,not_matched_with_backbone,,
alien_species_cyprus:taxon:29a5c4cb33702d4e8ac4452d4568bbb6,323330573,Lampranthus roseus (Willd.) Schwant.,scientificName_replaced_by_backbone_name,3704907,Lampranthus roseus (Willd.) Schwantes
alien_species_cyprus:taxon:0e093aa18e2282e4196e9a111cc472e9,323330577,Carpobrotus edulis (L.) N.E. Br.,scientificName_replaced_by_backbone_name,3084842,Carpobrotus edulis (L.) N.E.Br.
alien_species_cyprus:taxon:00fbdaabeb26b66a522a8c88bf80dc70,323330578,"Dermestes maculatus De Geer, 1774",scientificName_replaced_by_backbone_name,1095863,"Dermestes maculatus DeGeer, 1774"
alien_species_cyprus:taxon:0dcf9beb0d220731c7ae0ee84f62baa1,323330579,Carpobrotus acinaciformis (L.) L.Bol.,scientificName_replaced_by_backbone_name,3703606,Carpobrotus acinaciformis (L.) L.Bolus
alien_species_cyprus:taxon:c0c55fbb4ff345e3e5dd6fe2e56fbaa4,323330580,"Dermestes frischi Kugelann, 1792",scientificName_replaced_by_backbone_name,1095854,"Dermestes frischi Kugelman, 1792"
alien_species_cyprus:taxon:184f99ce301d357e5f13508ffab4f9a2,323330589,"Anthrenus flavidus Solsky, 1876",scientificName_replaced_by_backbone_name,4427293,"Anthrenus flavidus Solskij, 1876"
alien_species_cyprus:taxon:242a240635886f1fc4c59f0f441fc2c4,323330600,"Oxybasis urbica (L.) S. Fuentes, Uotila & Borsch",scientificName_replaced_by_backbone_name,7418706,"Oxybasis urbica (L.) S.Fuentes, Uotila & Borsch"
alien_species_cyprus:taxon:43c7b511dabbda4f9894c4f01f559fc4,323330606,Bassia indica (Wight) A. J. Scott,scientificName_replaced_by_backbone_name,5568213,Bassia indica (Wight) A.J.Scott
alien_species_cyprus:taxon:23471239ce73cc500f98da8423355baa,323330618,Chenopodium probstii Aell.,not_matched_with_backbone,,
alien_species_cyprus:taxon:9b92111c5a2fc6da001e798356e93c74,323330620,Chenopodium strictum strictum Roth.,not_matched_with_backbone,,
alien_species_cyprus:taxon:1bb5899e19c771125a1060ba47b791be,323330624,"Lepinotus reticulatus Enderlein, 1905",scientificName_replaced_by_backbone_name,1031685,"Lepinotus reticulatus Enderlein, 1904"
alien_species_cyprus:taxon:472447e20805c29ff8f22d78ff2b7eac,323330627,Amaranthus palmeri S. Wats.,scientificName_replaced_by_backbone_name,5384393,Amaranthus palmeri S.Watson
alien_species_cyprus:taxon:6811abc3b8e781421c6a00649ef02664,323330632,Amaranthus emarginatus subsp. pseudogracilis (Thell.) Hügin,not_matched_with_backbone,,
alien_species_cyprus:taxon:316cf307d4fbc375790ebe5ccea51d2d,323330635,Amaranthus blitoides S. Wats.,scientificName_replaced_by_backbone_name,5384395,Amaranthus blitoides S.Watson
alien_species_cyprus:taxon:04c6cff870131ef04bda55a63d52b2da,323330644,Amaranthus powellii S. Watson,scientificName_replaced_by_backbone_name,5384359,Amaranthus powellii S.Watson
alien_species_cyprus:taxon:6d944e8cd75740acab4497e7194da364,323330656,Iresine diffusa f. herbstii (Hook.) Pedersen,not_matched_with_backbone,,
alien_species_cyprus:taxon:0361b25b2b4fcdebbdd420a08813a926,323330664,Atriplex leucoclada Boiss.,merged_with_accepted,10668498,Atriplex turcomanica (Moq.) Boiss.
alien_species_cyprus:taxon:5c910f09f5ed2b6aac5afc9cdb206dc2,323330666,Atriplex suberecta Verdoorn,scientificName_replaced_by_backbone_name,3083771,Atriplex suberecta I.Verd.
alien_species_cyprus:taxon:71dc63b9b2eac58f58c200d688856769,323330686,Hylocereus undatus (Haw.) Britton & Rose,merged_with_accepted,10334868,Selenicereus undatus (Haw.) D.R.Hunt
alien_species_cyprus:taxon:81ce4476e9094b06e2bb56385b3a7d71,323330706,Tamarix aphylla (L.) Karst.,scientificName_replaced_by_backbone_name,2874704,Tamarix aphylla (L.) H.Karst.
alien_species_cyprus:taxon:f277b50be80a46da90df94821c9d181d,323330721,"Eulecanium tiliae Linnaeus, 1758",scientificName_replaced_by_backbone_name,2090694,"Eulecanium tiliae (Linnaeus, 1758)"
alien_species_cyprus:taxon:66e0ccb8791c5789c111da46eda94868,323330742,"Macrosiphum euphorbiae Thomas, 1878",scientificName_replaced_by_backbone_name,2077747,"Macrosiphum euphorbiae (Thomas, 1878)"
alien_species_cyprus:taxon:c91fbcbe61d4ae581e1e1ee2aae8e26d,323330746,"Coloradoa rufomaculata (Wilson & H.F., 1908)",scientificName_replaced_by_backbone_name,2075813,"Coloradoa rufomaculata (Wilson, 1908)"
alien_species_cyprus:taxon:26dcc610190067c219d70bc897426019,323330751,Carissa macrocarpa (Eckl.) A. DC.,scientificName_replaced_by_backbone_name,5414420,Carissa macrocarpa (Eckl.) A.DC.
alien_species_cyprus:taxon:63468becf64325f5cdecc5f66a9feb80,323330754,"Acyrthosiphon pisum (M.Harris, 1776)",scientificName_replaced_by_backbone_name,2077503,"Acyrthosiphon pisum (Harris, 1776)"
alien_species_cyprus:taxon:342e905bf6453887dd5a5c5113ceed5a,323330755,Catharanthus roseus (L.) G. Don,scientificName_replaced_by_backbone_name,3169830,Catharanthus roseus (L.) G.Don
alien_species_cyprus:taxon:f0fe4f5e2e691caa128c8f12ec88d5ca,323330758,"Brachycaudus cardui (Linnaeus, 1758)",scientificName_replaced_by_backbone_name,2078564,"Brachycaudus cardui Linnaeus, 1758"
alien_species_cyprus:taxon:22489b528ee554ff77a2b265703b44c0,323330772,"Chromaphis juglandicola Kaltenbach, 1843",scientificName_replaced_by_backbone_name,2076260,"Chromaphis juglandicola (Kaltenbach, 1843)"
alien_species_cyprus:taxon:e21b5ce41cdeb6dbfdb0e5539ae72e79,323330773,Cascabela thevetia (L.) H. Lippold,scientificName_replaced_by_backbone_name,3169652,Cascabela thevetia (L.) Lippold
alien_species_cyprus:taxon:9f02f4657620edeb43ae1d1a56b52f25,323330782,"Wahlgreniella arbuti (Davidson, 1910)",merged_with_accepted,6259867,"Wahlgreniella nervata arbuti (Davidson, 1910)"
alien_species_cyprus:taxon:1a3f98c6a503b8758baf417ee2cf7515,323330787,"Aphis nerii Fonscolombe, 1841",scientificName_replaced_by_backbone_name,2072196,"Aphis nerii Boyer de Fonscolombe, 1841"
alien_species_cyprus:taxon:b367fdf166874416658561cbbb1088c5,323330791,"Aphis (Pergandeida) craccivora Koch, 1854",scientificName_replaced_by_backbone_name,2072061,"Aphis craccivora Koch, 1854"
alien_species_cyprus:taxon:f1ef733fb9a756c52d4acaa19e71cf0a,323330792,Gomphocarpus fruticosus (L.) Aiton f.,scientificName_replaced_by_backbone_name,7150619,Gomphocarpus fruticosus (L.) W.T.Aiton
alien_species_cyprus:taxon:8b9920b614b15a580e494288c8d9dd51,323330805,"Myzus persicae Sulzer, 1776",scientificName_replaced_by_backbone_name,2076179,"Myzus persicae (Sulzer, 1776)"
alien_species_cyprus:taxon:7300964d8bb2b1e7bcdf8c5065cc8a5a,323330809,"Pterochloroides persicae (Cholodkovsky, 1899)",scientificName_replaced_by_backbone_name,2077967,"Pterochloroides persicae (Cholodkovsky, 1898)"
alien_species_cyprus:taxon:f4123d6a77bd8cfd88adf9475aec6142,323330814,Corylus maxima Miller,scientificName_replaced_by_backbone_name,2876049,Corylus maxima Mill.
alien_species_cyprus:taxon:0c83c648910b019021f0669f20e848b4,323330817,"Illinoia azaleae Mason, 1925",scientificName_replaced_by_backbone_name,2074696,"Illinoia azaleae (Mason, 1925)"
alien_species_cyprus:taxon:03fefa79b4093b9a46df581d36be1a94,323330822,"Chaetosiphon (Pentatrichopus) fragaefolii Cockerell, 1901",scientificName_replaced_by_backbone_name,2076486,"Chaetosiphon fragaefolii (Cockerell, 1901)"
alien_species_cyprus:taxon:998a872771c6a9b5ef2bdb6bf0874ae8,323330827,"Trialeurodes vaporarium Westwood, 1856",not_matched_with_backbone,,
alien_species_cyprus:taxon:bcdb1d86870dc8f03fbb9465d821cc0c,323330834,Quercus ithaburensis macrolepis (Kotschy) Hedge & Yalt.,scientificName_replaced_by_backbone_name,2878325,Quercus ithaburensis subsp. macrolepis (Kotschy) Hedge & Yalt.
alien_species_cyprus:taxon:393a28a1a3a8745f8517c14359a95df6,323330835,"Lepidosaphes conchiformis Gmelin, J.F., 1790",scientificName_replaced_by_backbone_name,8601193,"Lepidosaphes conchiformis (Gmelin, 1790)"
alien_species_cyprus:taxon:a3cd89aafc3a1dd530dc14458c3a0040,323330845,"Aspidiotus nerii Bouché, 1833",scientificName_replaced_by_backbone_name,5161787,"Aspidiotus nerii Bouche, 1833"
alien_species_cyprus:taxon:9e2876c75823ee5355d2c91408f6f252,323330846,Allocasuarina verticillata (Lam.) L.A.S. Johnson,scientificName_replaced_by_backbone_name,2891902,Allocasuarina verticillata (Lam.) L.A.S.Johnson
alien_species_cyprus:taxon:0d1b4e92bce1ed4cd67a51b3ca7f8178,323330878,"Maconellicoccus hirsutus Green, 1908",scientificName_replaced_by_backbone_name,2094191,"Maconellicoccus hirsutus (Green, 1908)"
alien_species_cyprus:taxon:9932e82fbeaa93916e78634a5608cace,323330885,Platyobria biemani Burckhardt et al. 2014,scientificName_replaced_by_backbone_name,9389481,"Platyobria biemani Burckhardt, Queiroz & Malenovský, 2014"
alien_species_cyprus:taxon:3442b72bc566dd9c9897fc895200ef46,323330890,"Nysius cymoides (M.Spinola, 1837)",scientificName_replaced_by_backbone_name,4486361,"Nysius cymoides (Spinola, 1837)"
alien_species_cyprus:taxon:228e3550deb353a3cf549e9372770f1a,323330898,"Edwardsiana tshinari Zachvatkin, 1947",scientificName_replaced_by_backbone_name,2026946,"Edwardsiana tshinari Zakhvatkin, 1947"
alien_species_cyprus:taxon:180ca3019284916235d99b40f45def1e,323330918,"Paraleyrodes minei Iccarino, 1990",scientificName_replaced_by_backbone_name,4484268,"Paraleyrodes minei Iaccarino, 1990"
alien_species_cyprus:taxon:3cf980aeac98c6d1a80427afad987e58,323330930,"Aleurothrixus floccosus Maskell, 1895",scientificName_replaced_by_backbone_name,2012137,"Aleurothrixus floccosus (Maskell, 1896)"
alien_species_cyprus:taxon:4fb9096f200a5b24383fa49f4b6107eb,323330937,"Zelus renardii Kolenati, 1856",scientificName_replaced_by_backbone_name,2008840,"Zelus renardii Kolenati, 1857"
alien_species_cyprus:taxon:32098b47b301dd0f9d764052e1445c4c,323330945,"Thaumastocoris peregrinus Carpintero & Dellapé, 2006",scientificName_replaced_by_backbone_name,2012298,"Thaumastocoris peregrinus D.L.Carpintero & Dellapé, 2006"
alien_species_cyprus:taxon:0e730882b0bc27e5932ab28985d72e40,323330954,"Tempyra biguttula Stål, 1874",scientificName_replaced_by_backbone_name,2007964,"Tempyra biguttula Stal, 1874"
alien_species_cyprus:taxon:c02cf286f65eab38fe3ff48ac4ead4df,323330960,"Cicadulina bipunuctata (Melichar, 1904)",not_matched_with_backbone,,
alien_species_cyprus:taxon:da1f6c3da0c92b706cb99fd19e38a182,323330966,"Myiopardalis pardalina (Bigot, 1891)",merged_with_accepted,9256331,"Carpomya pardalina (Bigot, 1891)"
alien_species_cyprus:taxon:dc762564682c47f2847d24a57ce367ff,323330971,"Drosophila suzukii (Matsamura, 1931)",scientificName_replaced_by_backbone_name,5073820,"Drosophila suzukii (Matsumura, 1931)"
alien_species_cyprus:taxon:f49abe7885d3e012982abdcf7410891b,323330980,"Dohrniphora cornuta (Bigor in de la Sagra, 1857)",scientificName_replaced_by_backbone_name,1548900,"Dohrniphora cornuta (Bigot, 1857)"
alien_species_cyprus:taxon:d8bc21210e5e36023361c156a4003e1a,323330986,"Aedes aegypti Linnaeus, 1762",scientificName_replaced_by_backbone_name,1651891,"Aedes aegypti (Linnaeus, 1762)"
alien_species_cyprus:taxon:d518c69948a1bba1f632bc925b1de7b1,323330996,"Τrichopoda pictipennis Bigot, 1876",scientificName_replaced_by_backbone_name,5059806,"Trichopoda pictipennis Bigot, 1876"
alien_species_cyprus:taxon:f6d8350d64fba39f6ae9a249e8664e8d,323330999,"Trachyopella straminea Roháček & Marshall, 1986",scientificName_replaced_by_backbone_name,1589999,"Trachyopella straminea Roháček & Marshall, 1985"
alien_species_cyprus:taxon:b4ac5e7c048793cb1bea4967d75b89d1,323331004,"Janetiella siskiyou Felt, 1917",merged_with_accepted,9341614,"Cupressatia siskiyou (Felt, 1917)"
alien_species_cyprus:taxon:097b36445d8b4f125d66cc89ff052a20,323331013,"Tabanus gratus Löw, 1858b",scientificName_replaced_by_backbone_name,1499292,"Tabanus gratus Loew, 1858"
alien_species_cyprus:taxon:f0ba58ac292112f4337a895889c6fc07,323331023,"Oxidus gracilis (Koch, C. L., 1847)",scientificName_replaced_by_backbone_name,1017419,"Oxidus gracilis (C.L.Koch, 1847)"
alien_species_cyprus:taxon:070d42ed16e18f6bfff1f4f10a11d6d0,323331030,"Aculops lycopersici (Massee, 1937)",scientificName_replaced_by_backbone_name,2128536,"Aculops lycopersici (Tryon, 1917)"
alien_species_cyprus:taxon:7b174363c75209d103ccf0a94791583d,323331033,"Aceria loewi Nalepa, 1890",merged_with_accepted,9787222,"Eriophyes loewi (Nalepa, 1890)"
alien_species_cyprus:taxon:ea53459c1f39666102d74bfd7b3e49cb,323331041,"Steatoda grossa (C. L. Koch, 1838)",scientificName_replaced_by_backbone_name,2157245,"Steatoda grossa (C.L.Koch, 1838)"
alien_species_cyprus:taxon:f3d7bdd00758243429fdb5ebd5878326,323331044,"Ostearius melanopygius (O. Pickard-Cambridge, 1880)",scientificName_replaced_by_backbone_name,2134305,"Ostearius melanopygius (O.Pickard-Cambridge, 1880)"
alien_species_cyprus:taxon:9304250a1dd9cc89fcb8e79f1cb725ae,323331061,"Amblyseius californicus (E.A.McGregor, 1954)",merged_with_accepted,2187559,"Neoseiulus californicus (McGregor, 1954)"
alien_species_cyprus:taxon:f1630d3d177a0eb66d3e35560da8a782,323331070,Hyalomma anatolicum Koch 1844,scientificName_replaced_by_backbone_name,4548112,"Hyalomma anatolicum Koch, 1844"
alien_species_cyprus:taxon:e9966bbf7d107f33e0f1d4d5770af4cb,323331088,"Erugosquilla massavensis Kossmann, 1880",scientificName_replaced_by_backbone_name,4316681,"Erugosquilla massavensis (Kossmann, 1880)"
alien_species_cyprus:taxon:adf68ed5b728dc71a056cb4184ca68a1,323331102,Mesanthura cf romulea,scientificName_replaced_by_backbone_name,2212511,"Mesanthura romulea Poore & Lew Ton, 1986"
alien_species_cyprus:taxon:f58cd75bc9aba169d7aba933e15de59a,323331127,"Charybdis (Charybdis) hellerii (A. Milne-Edwards, 1867)",scientificName_replaced_by_backbone_name,2225632,"Charybdis hellerii (A.Milne-Edwards, 1867)"
alien_species_cyprus:taxon:518bbc1ca4c93370281b64317ade3329,323331128,"Charybdis (Goniohellenus) longicollis Leene, 1938",scientificName_replaced_by_backbone_name,2225631,"Charybdis longicollis Leene, 1938"
alien_species_cyprus:taxon:0d68d876a481c28f647f66a31c914495,323331148,"Percnon gibbesi (H. Milne Edwards, 1853)",scientificName_replaced_by_backbone_name,2225783,"Percnon gibbesi (H.Milne Edwards, 1853)"
alien_species_cyprus:taxon:64611cab453919d22be2790f35c0e3df,323331161,"Metapenaeopsis aegyptia Galil and Golani, 1990",scientificName_replaced_by_backbone_name,2223595,"Metapenaeopsis aegyptia Galil & Golani, 1990"
alien_species_cyprus:taxon:002d937e875e8cb87037a6234976409f,323331166,"Penaeus semisulcatus De Haan, 1844 [in De Haan, 1833-1850]",scientificName_replaced_by_backbone_name,2223416,"Penaeus semisulcatus De Haan, 1844"
